,ORIGIN_AIRPORT,DESTINATION_AIRPORT,ARRIVAL_DELAY
0,10135,10397,29
1,10135,11433,32
2,10135,13930,27
3,10136,11298,32
4,10140,10397,20
5,10140,10821,14
6,10140,11259,71
7,10140,11292,60
8,10140,11298,49
9,10140,12191,33
10,10140,12266,20
11,10140,12478,16
12,10140,12889,34
13,10140,12892,57
14,10140,13198,26
15,10140,13232,12
16,10140,13487,9
17,10140,13796,25
18,10140,13930,15
19,10140,14057,10
20,10140,14107,102
21,10140,14679,11
22,10140,14747,4
23,10140,14771,3
24,10140,14869,10
25,10141,13487,29
26,10146,10397,38
27,10154,10721,2
28,10154,12478,12
29,10155,11298,16
30,10157,14771,37
31,10158,10397,5
32,10158,11697,7
33,10158,13204,13
34,10158,13577,3
35,10158,14635,13
36,10158,15304,5
37,10165,10299,5
38,10170,10299,11
39,10185,10397,55
40,10185,11298,8
41,10185,12266,28
42,10208,10397,98
43,10257,10397,17
44,10257,10821,46
45,10257,11057,23
46,10257,11433,18
47,10257,11618,22
48,10257,12889,4
49,10257,13204,3
50,10257,13232,7
51,10257,13487,8
52,10257,13930,29
53,10257,15304,3
54,10268,13930,1
55,10279,11259,57
56,10279,11292,6
57,10279,11298,7
58,10279,12266,27
59,10279,12889,4
60,10299,10165,1
61,10299,10170,8
62,10299,10551,25
63,10299,10754,9
64,10299,10926,17
65,10299,11292,5
66,10299,11630,16
67,10299,12173,2
68,10299,12523,31
69,10299,12892,3
70,10299,13487,7
71,10299,13873,11
72,10299,13930,10
73,10299,13970,16
74,10299,14057,21
75,10299,14107,8
76,10299,14709,10
77,10299,14747,205
78,10333,11433,20
79,10372,11292,8
80,10372,12892,11
81,10397,10135,24
82,10397,10140,13
83,10397,10146,34
84,10397,10158,16
85,10397,10185,56
86,10397,10208,66
87,10397,10257,14
88,10397,10408,6
89,10397,10423,66
90,10397,10431,44
91,10397,10434,5
92,10397,10529,22
93,10397,10599,47
94,10397,10685,31
95,10397,10693,54
96,10397,10721,94
97,10397,10731,35
98,10397,10781,78
99,10397,10785,12
100,10397,10792,13
101,10397,10821,121
102,10397,10868,44
103,10397,10874,39
104,10397,10980,62
105,10397,10990,25
106,10397,10994,44
107,10397,11003,22
108,10397,11042,59
109,10397,11057,179
110,10397,11066,42
111,10397,11109,6
112,10397,11146,46
113,10397,11150,48
114,10397,11193,45
115,10397,11252,27
116,10397,11259,52
117,10397,11267,21
118,10397,11278,130
119,10397,11292,80
120,10397,11298,138
121,10397,11308,29
122,10397,11423,15
123,10397,11433,138
124,10397,11481,27
125,10397,11540,18
126,10397,11612,25
127,10397,11617,21
128,10397,11618,101
129,10397,11624,34
130,10397,11641,39
131,10397,11697,212
132,10397,11721,19
133,10397,11775,6
134,10397,11778,17
135,10397,11823,33
136,10397,11953,56
137,10397,11973,14
138,10397,11977,10
139,10397,11982,13
140,10397,11986,15
141,10397,11995,29
142,10397,11996,40
143,10397,12007,18
144,10397,12173,7
145,10397,12191,88
146,10397,12197,105
147,10397,12217,41
148,10397,12264,36
149,10397,12266,126
150,10397,12278,12
151,10397,12323,54
152,10397,12339,99
153,10397,12448,20
154,10397,12451,129
155,10397,12478,58
156,10397,12889,86
157,10397,12892,108
158,10397,12945,43
159,10397,12951,42
160,10397,12953,127
161,10397,12992,21
162,10397,13029,9
163,10397,13198,51
164,10397,13204,209
165,10397,13230,12
166,10397,13232,85
167,10397,13244,50
168,10397,13277,62
169,10397,13296,5
170,10397,13303,113
171,10397,13342,62
172,10397,13360,25
173,10397,13367,41
174,10397,13377,37
175,10397,13422,68
176,10397,13485,8
177,10397,13487,65
178,10397,13495,108
179,10397,13577,39
180,10397,13795,45
181,10397,13851,29
182,10397,13871,23
183,10397,13930,190
184,10397,13931,57
185,10397,14027,84
186,10397,14057,13
187,10397,14098,35
188,10397,14100,140
189,10397,14107,66
190,10397,14108,41
191,10397,14122,56
192,10397,14193,43
193,10397,14307,8
194,10397,14321,16
195,10397,14492,86
196,10397,14524,81
197,10397,14574,31
198,10397,14576,18
199,10397,14633,10
200,10397,14635,97
201,10397,14679,26
202,10397,14683,82
203,10397,14685,57
204,10397,14696,11
205,10397,14730,47
206,10397,14747,47
207,10397,14771,37
208,10397,14783,36
209,10397,14814,54
210,10397,14831,2
211,10397,14843,26
212,10397,14869,30
213,10397,14893,10
214,10397,14908,9
215,10397,14986,30
216,10397,15016,89
217,10397,15024,10
218,10397,15096,15
219,10397,15249,49
220,10397,15304,192
221,10397,15323,35
222,10397,15356,12
223,10397,15370,29
224,10397,15376,9
225,10397,15412,16
226,10397,15607,32
227,10397,15624,42
228,10397,15919,43
229,10408,10397,5
230,10408,11433,25
231,10408,13487,10
232,10408,13930,76
233,10423,10397,78
234,10423,10693,24
235,10423,10721,12
236,10423,10821,15
237,10423,11057,22
238,10423,11259,159
239,10423,11278,11
240,10423,11292,59
241,10423,11298,68
242,10423,11433,4
243,10423,11540,27
244,10423,11618,17
245,10423,11697,16
246,10423,12191,39
247,10423,12206,19
248,10423,12264,1
249,10423,12266,56
250,10423,12478,50
251,10423,12889,41
252,10423,12892,50
253,10423,12896,6
254,10423,12954,11
255,10423,13204,15
256,10423,13232,14
257,10423,13303,6
258,10423,13487,6
259,10423,13495,13
260,10423,13796,8
261,10423,13930,55
262,10423,14100,6
263,10423,14107,31
264,10423,14679,16
265,10423,14747,8
266,10423,14771,48
267,10423,14831,5
268,10423,14869,16
269,10423,14908,6
270,10423,15016,4
271,10423,15304,8
272,10431,10397,64
273,10431,11618,12
274,10431,13930,47
275,10434,10397,11
276,10434,11433,7
277,10434,13930,27
278,10469,11433,1
279,10469,13930,29
280,10529,10397,33
281,10529,10821,64
282,10529,11042,4
283,10529,11057,45
284,10529,11193,5
285,10529,11278,9
286,10529,11292,6
287,10529,11298,8
288,10529,11433,31
289,10529,11618,7
290,10529,11697,17
291,10529,12889,4
292,10529,13204,27
293,10529,13232,8
294,10529,13303,8
295,10529,13487,16
296,10529,13930,25
297,10529,14027,16
298,10529,14100,5
299,10529,14492,3
300,10529,14635,16
301,10529,14843,5
302,10529,15304,12
303,10551,10299,37
304,10561,11292,10
305,10561,14107,16
306,10561,14771,19
307,10577,11433,25
308,10581,11433,5
309,10581,11618,1
310,10581,12953,2
311,10599,10397,65
312,10599,10821,21
313,10599,11259,8
314,10599,11292,4
315,10599,11298,6
316,10599,11433,28
317,10599,12191,14
318,10599,12266,50
319,10599,12889,4
320,10599,12953,26
321,10599,13204,18
322,10599,13232,10
323,10599,13303,12
324,10599,13930,46
325,10599,15304,6
326,10620,11292,25
327,10620,13487,4
328,10620,14869,17
329,10627,11292,26
330,10627,11298,11
331,10627,13487,53
332,10627,13930,2
333,10631,13487,16
334,10685,10397,19
335,10685,11298,12
336,10685,13487,1
337,10685,13930,11
338,10693,10397,73
339,10693,10423,15
340,10693,10721,13
341,10693,10821,45
342,10693,10994,10
343,10693,11042,10
344,10693,11057,83
345,10693,11066,13
346,10693,11193,5
347,10693,11259,18
348,10693,11278,19
349,10693,11292,40
350,10693,11298,48
351,10693,11433,67
352,10693,11481,22
353,10693,11618,56
354,10693,11697,25
355,10693,12191,34
356,10693,12266,31
357,10693,12451,34
358,10693,12478,4
359,10693,12889,5
360,10693,12892,26
361,10693,12953,76
362,10693,13198,19
363,10693,13204,37
364,10693,13232,49
365,10693,13303,4
366,10693,13487,39
367,10693,13495,19
368,10693,13796,5
369,10693,13930,103
370,10693,14100,25
371,10693,14107,8
372,10693,14122,11
373,10693,14193,17
374,10693,14492,31
375,10693,14679,3
376,10693,14683,20
377,10693,14747,4
378,10693,14869,5
379,10693,15016,12
380,10693,15304,27
381,10713,11292,65
382,10713,11884,18
383,10713,12266,20
384,10713,12889,25
385,10713,12892,17
386,10713,13487,32
387,10713,13796,9
388,10713,13930,9
389,10713,14107,29
390,10713,14679,8
391,10713,14747,49
392,10713,14771,31
393,10713,14869,36
394,10721,10154,2
395,10721,10397,117
396,10721,10423,8
397,10721,10693,9
398,10721,10792,34
399,10721,10821,121
400,10721,10994,11
401,10721,11042,49
402,10721,11057,133
403,10721,11066,11
404,10721,11193,6
405,10721,11259,6
406,10721,11278,244
407,10721,11292,77
408,10721,11298,94
409,10721,11433,71
410,10721,11618,135
411,10721,11697,54
412,10721,12191,14
413,10721,12264,63
414,10721,12266,36
415,10721,12339,9
416,10721,12451,18
417,10721,12478,156
418,10721,12889,42
419,10721,12892,104
420,10721,12953,192
421,10721,12954,11
422,10721,13198,7
423,10721,13204,57
424,10721,13232,39
425,10721,13303,63
426,10721,13342,11
427,10721,13487,48
428,10721,13495,7
429,10721,13577,6
430,10721,13930,208
431,10721,14027,36
432,10721,14057,4
433,10721,14100,167
434,10721,14107,49
435,10721,14122,23
436,10721,14492,40
437,10721,14524,70
438,10721,14635,23
439,10721,14679,21
440,10721,14685,7
441,10721,14747,67
442,10721,14771,118
443,10721,14831,8
444,10721,14843,31
445,10721,14869,13
446,10721,14986,10
447,10721,15016,18
448,10721,15024,1
449,10721,15304,40
450,10728,11298,20
451,10731,10397,19
452,10732,11618,8
453,10732,11697,3
454,10732,12478,10
455,10732,13204,9
456,10739,13487,18
457,10747,11298,13
458,10747,12266,12
459,10754,10299,4
460,10754,11630,17
461,10754,14709,12
462,10779,14869,6
463,10781,10397,113
464,10781,11298,62
465,10781,12266,59
466,10785,10397,10
467,10785,11433,6
468,10785,11618,38
469,10785,12478,32
470,10785,12953,5
471,10785,13930,23
472,10792,10397,18
473,10792,10721,33
474,10792,10821,40
475,10792,11057,35
476,10792,11433,10
477,10792,11618,46
478,10792,11697,4
479,10792,12478,56
480,10792,12889,6
481,10792,12953,4
482,10792,13204,17
483,10792,13232,22
484,10792,13930,65
485,10792,14107,2
486,10792,15304,5
487,10800,11292,51
488,10800,12478,14
489,10800,12889,81
490,10800,13796,88
491,10800,14057,13
492,10800,14107,48
493,10800,14747,42
494,10800,14771,60
495,10800,14831,63
496,10800,14869,19
497,10800,14893,52
498,10821,10140,15
499,10821,10257,74
500,10821,10397,176
501,10821,10423,22
502,10821,10529,68
503,10821,10599,24
504,10821,10693,61
505,10821,10721,163
506,10821,10792,88
507,10821,10994,39
508,10821,11042,47
509,10821,11057,148
510,10821,11066,35
511,10821,11259,42
512,10821,11267,19
513,10821,11292,43
514,10821,11298,41
515,10821,11433,67
516,10821,11618,23
517,10821,11697,104
518,10821,11721,19
519,10821,11986,31
520,10821,11996,10
521,10821,12191,34
522,10821,12266,42
523,10821,12339,31
524,10821,12391,75
525,10821,12451,47
526,10821,12478,6
527,10821,12889,51
528,10821,12892,41
529,10821,12992,2
530,10821,13198,36
531,10821,13204,83
532,10821,13232,71
533,10821,13244,4
534,10821,13296,74
535,10821,13303,19
536,10821,13342,16
537,10821,13487,43
538,10821,13495,30
539,10821,13577,12
540,10821,13796,4
541,10821,13851,11
542,10821,13930,91
543,10821,13931,40
544,10821,14027,26
545,10821,14107,31
546,10821,14122,52
547,10821,14307,92
548,10821,14321,27
549,10821,14492,77
550,10821,14576,25
551,10821,14635,28
552,10821,14679,18
553,10821,14683,9
554,10821,14730,38
555,10821,14747,36
556,10821,14771,7
557,10821,14843,15
558,10821,14869,14
559,10821,15016,23
560,10821,15304,76
561,10849,11292,17
562,10849,13487,12
563,10849,13930,10
564,10849,14057,1
565,10849,14747,5
566,10849,14869,19
567,10868,10397,60
568,10868,11298,34
569,10868,12266,10
570,10868,12953,17
571,10868,13930,25
572,10874,10397,41
573,10874,11278,6
574,10874,11292,7
575,10874,11618,2
576,10874,12953,16
577,10874,13204,5
578,10874,13930,32
579,10874,15304,8
580,10918,14869,16
581,10926,10299,12
582,10926,15991,7
583,10980,10397,96
584,10980,11298,23
585,10980,11433,20
586,10980,13930,8
587,10990,10397,30
588,10990,12953,19
589,10990,13930,16
590,10994,10397,51
591,10994,10693,8
592,10994,10721,13
593,10994,10821,30
594,10994,11057,20
595,10994,11259,3
596,10994,11278,7
597,10994,11433,3
598,10994,11618,51
599,10994,12191,14
600,10994,12266,26
601,10994,12478,60
602,10994,13232,13
603,10994,13930,48
604,10994,14100,1
605,11003,10397,22
606,11003,11292,40
607,11003,11433,23
608,11003,13487,33
609,11003,13930,47
610,11013,11433,22
611,11042,10397,64
612,11042,10529,3
613,11042,10693,20
614,11042,10721,50
615,11042,10821,57
616,11042,11057,25
617,11042,11278,33
618,11042,11292,22
619,11042,11298,27
620,11042,11433,16
621,11042,11618,37
622,11042,11697,31
623,11042,12264,4
624,11042,12266,37
625,11042,12478,10
626,11042,12889,22
627,11042,12892,22
628,11042,12953,61
629,11042,13204,41
630,11042,13232,41
631,11042,13303,11
632,11042,13342,16
633,11042,13487,20
634,11042,13577,2
635,11042,13930,113
636,11042,14107,11
637,11042,14492,23
638,11042,14635,18
639,11042,14771,5
640,11042,15016,11
641,11042,15304,10
642,11049,11298,21
643,11049,12266,17
644,11057,10257,30
645,11057,10397,173
646,11057,10423,34
647,11057,10529,58
648,11057,10693,47
649,11057,10721,147
650,11057,10792,29
651,11057,10821,111
652,11057,10994,30
653,11057,11042,34
654,11057,11193,1
655,11057,11259,10
656,11057,11278,121
657,11057,11292,84
658,11057,11298,109
659,11057,11433,102
660,11057,11618,146
661,11057,11697,96
662,11057,11995,22
663,11057,12191,7
664,11057,12266,112
665,11057,12323,18
666,11057,12339,22
667,11057,12451,63
668,11057,12478,118
669,11057,12889,32
670,11057,12892,65
671,11057,12953,151
672,11057,13198,44
673,11057,13204,147
674,11057,13230,17
675,11057,13232,8
676,11057,13244,15
677,11057,13303,94
678,11057,13487,69
679,11057,13495,56
680,11057,13930,117
681,11057,13931,37
682,11057,14027,47
683,11057,14057,7
684,11057,14100,140
685,11057,14107,86
686,11057,14122,93
687,11057,14307,54
688,11057,14321,15
689,11057,14492,117
690,11057,14524,63
691,11057,14576,19
692,11057,14635,35
693,11057,14679,10
694,11057,14683,11
695,11057,14747,21
696,11057,14771,35
697,11057,14843,2
698,11057,14869,7
699,11057,14893,5
700,11057,15016,37
701,11057,15024,6
702,11057,15096,15
703,11057,15304,103
704,11057,15356,24
705,11066,10397,68
706,11066,10693,10
707,11066,10721,9
708,11066,10821,42
709,11066,11259,3
710,11066,11278,1
711,11066,11292,26
712,11066,11298,23
713,11066,11618,21
714,11066,12266,27
715,11066,12478,13
716,11066,12889,4
717,11066,12892,7
718,11066,12953,39
719,11066,13204,11
720,11066,13232,34
721,11066,13303,11
722,11066,13487,6
723,11066,13796,2
724,11066,13930,88
725,11066,14107,23
726,11066,14635,8
727,11066,15016,12
728,11066,15304,4
729,11067,11298,3
730,11067,13930,17
731,11076,13930,18
732,11097,14869,18
733,11109,10397,5
734,11109,11292,72
735,11109,11298,21
736,11109,12266,38
737,11109,12892,19
738,11109,13930,44
739,11109,14747,6
740,11109,14869,14
741,11111,11298,11
742,11111,13930,9
743,11122,11292,16
744,11122,14869,18
745,11140,11298,22
746,11140,12191,26
747,11140,12266,46
748,11146,10397,60
749,11146,12266,10
750,11146,13930,17
751,11150,10397,39
752,11193,10397,64
753,11193,10529,3
754,11193,10693,6
755,11193,10721,10
756,11193,11057,1
757,11193,11278,1
758,11193,11292,37
759,11193,11298,40
760,11193,11433,10
761,11193,11618,46
762,11193,11697,5
763,11193,12264,1
764,11193,12266,63
765,11193,12478,5
766,11193,12889,25
767,11193,12892,13
768,11193,12953,6
769,11193,13204,18
770,11193,13244,7
771,11193,13303,8
772,11193,13342,10
773,11193,13487,10
774,11193,13930,126
775,11193,14492,3
776,11193,14635,6
777,11193,14771,2
778,11193,14869,5
779,11193,15304,6
780,11193,15919,4
781,11203,13930,34
782,11252,10397,31
783,11259,10140,57
784,11259,10279,42
785,11259,10397,60
786,11259,10423,199
787,11259,10599,21
788,11259,10693,27
789,11259,10721,8
790,11259,10821,24
791,11259,10994,13
792,11259,11057,15
793,11259,11066,4
794,11259,11278,74
795,11259,11292,40
796,11259,11433,17
797,11259,11481,1
798,11259,11540,42
799,11259,11697,28
800,11259,12191,271
801,11259,12278,13
802,11259,12339,7
803,11259,12889,33
804,11259,12892,115
805,11259,12896,56
806,11259,12953,105
807,11259,12992,36
808,11259,13158,44
809,11259,13198,82
810,11259,13204,28
811,11259,13232,53
812,11259,13244,15
813,11259,13342,11
814,11259,13495,63
815,11259,13796,17
816,11259,13851,29
817,11259,13871,9
818,11259,14057,8
819,11259,14100,6
820,11259,14107,43
821,11259,14122,5
822,11259,14492,10
823,11259,14679,15
824,11259,14683,122
825,11259,14747,20
826,11259,14771,44
827,11259,14831,3
828,11259,14869,5
829,11259,14893,7
830,11259,14908,12
831,11259,15016,72
832,11259,15304,13
833,11259,15370,37
834,11267,10397,25
835,11267,10821,21
836,11267,11292,10
837,11267,11298,15
838,11267,11433,13
839,11267,11618,34
840,11267,13204,16
841,11267,13487,12
842,11267,13930,103
843,11274,13930,13
844,11278,10397,147
845,11278,10423,10
846,11278,10529,16
847,11278,10693,18
848,11278,10721,235
849,11278,10874,9
850,11278,10994,10
851,11278,11042,39
852,11278,11057,103
853,11278,11066,10
854,11278,11193,1
855,11278,11259,56
856,11278,11292,29
857,11278,11298,87
858,11278,11433,51
859,11278,11618,51
860,11278,11697,73
861,11278,12191,15
862,11278,12266,40
863,11278,12339,34
864,11278,12451,19
865,11278,12478,8
866,11278,12889,4
867,11278,12892,16
868,11278,12953,140
869,11278,13198,22
870,11278,13204,100
871,11278,13232,58
872,11278,13303,111
873,11278,13342,22
874,11278,13487,49
875,11278,13495,20
876,11278,13930,194
877,11278,14027,27
878,11278,14057,8
879,11278,14100,2
880,11278,14107,41
881,11278,14635,9
882,11278,14747,20
883,11278,14771,8
884,11278,14843,9
885,11278,14869,9
886,11278,15016,27
887,11278,15304,60
888,11292,10140,48
889,11292,10279,19
890,11292,10299,9
891,11292,10372,16
892,11292,10397,120
893,11292,10423,97
894,11292,10529,6
895,11292,10561,24
896,11292,10599,21
897,11292,10620,22
898,11292,10627,29
899,11292,10693,59
900,11292,10713,43
901,11292,10721,54
902,11292,10800,29
903,11292,10821,45
904,11292,10849,18
905,11292,10874,20
906,11292,11003,30
907,11292,11042,24
908,11292,11057,78
909,11292,11066,12
910,11292,11109,72
911,11292,11122,14
912,11292,11193,58
913,11292,11259,63
914,11292,11267,28
915,11292,11278,36
916,11292,11298,179
917,11292,11413,9
918,11292,11423,28
919,11292,11433,89
920,11292,11540,32
921,11292,11603,21
922,11292,11618,60
923,11292,11637,35
924,11292,11638,36
925,11292,11648,22
926,11292,11697,16
927,11292,11775,18
928,11292,11865,7
929,11292,11884,29
930,11292,11921,1
931,11292,11986,33
932,11292,11995,3
933,11292,12003,25
934,11292,12094,9
935,11292,12156,10
936,11292,12173,12
937,11292,12191,63
938,11292,12255,13
939,11292,12264,91
940,11292,12266,147
941,11292,12278,24
942,11292,12280,25
943,11292,12339,66
944,11292,12389,43
945,11292,12441,19
946,11292,12451,10
947,11292,12478,23
948,11292,12519,13
949,11292,12758,2
950,11292,12888,10
951,11292,12889,130
952,11292,12892,163
953,11292,12896,35
954,11292,12953,68
955,11292,12992,24
956,11292,13029,22
957,11292,13158,39
958,11292,13198,68
959,11292,13204,78
960,11292,13232,58
961,11292,13244,27
962,11292,13264,16
963,11292,13303,17
964,11292,13342,51
965,11292,13433,30
966,11292,13485,20
967,11292,13486,13
968,11292,13487,132
969,11292,13495,56
970,11292,13502,3
971,11292,13796,25
972,11292,13830,1
973,11292,13851,76
974,11292,13871,56
975,11292,13891,44
976,11292,13930,132
977,11292,13964,2
978,11292,14057,74
979,11292,14100,57
980,11292,14107,245
981,11292,14122,19
982,11292,14252,24
983,11292,14262,22
984,11292,14457,10
985,11292,14489,19
986,11292,14492,52
987,11292,14543,7
988,11292,14570,25
989,11292,14635,13
990,11292,14679,92
991,11292,14683,51
992,11292,14689,19
993,11292,14730,12
994,11292,14747,166
995,11292,14771,131
996,11292,14783,15
997,11292,14794,25
998,11292,14814,17
999,11292,14831,46
1000,11292,14869,108
1001,11292,14893,47
1002,11292,14908,45
1003,11292,15016,50
1004,11292,15304,49
1005,11292,15370,60
1006,11292,15376,45
1007,11292,15412,7
1008,11292,15919,27
1009,11298,10136,40
1010,11298,10140,44
1011,11298,10155,39
1012,11298,10185,22
1013,11298,10279,11
1014,11298,10299,4
1015,11298,10397,149
1016,11298,10423,110
1017,11298,10529,19
1018,11298,10599,10
1019,11298,10627,11
1020,11298,10685,14
1021,11298,10693,54
1022,11298,10721,79
1023,11298,10728,30
1024,11298,10747,16
1025,11298,10781,87
1026,11298,10821,28
1027,11298,10868,37
1028,11298,10980,27
1029,11298,11042,23
1030,11298,11049,31
1031,11298,11057,106
1032,11298,11066,23
1033,11298,11067,7
1034,11298,11109,21
1035,11298,11111,14
1036,11298,11140,34
1037,11298,11193,64
1038,11298,11267,13
1039,11298,11278,58
1040,11298,11292,162
1041,11298,11413,17
1042,11298,11423,9
1043,11298,11433,60
1044,11298,11503,1
1045,11298,11540,34
1046,11298,11612,7
1047,11298,11618,66
1048,11298,11637,5
1049,11298,11638,17
1050,11298,11697,68
1051,11298,11778,33
1052,11298,11823,14
1053,11298,11867,16
1054,11298,11905,21
1055,11298,11921,16
1056,11298,11973,14
1057,11298,11980,11
1058,11298,11982,53
1059,11298,11996,4
1060,11298,12173,33
1061,11298,12191,33
1062,11298,12217,4
1063,11298,12264,23
1064,11298,12266,104
1065,11298,12278,15
1066,11298,12339,28
1067,11298,12441,2
1068,11298,12448,92
1069,11298,12451,16
1070,11298,12478,19
1071,11298,12511,10
1072,11298,12889,103
1073,11298,12891,27
1074,11298,12892,166
1075,11298,12896,15
1076,11298,12915,23
1077,11298,12945,8
1078,11298,12951,48
1079,11298,12953,97
1080,11298,12992,64
1081,11298,13061,31
1082,11298,13158,7
1083,11298,13198,56
1084,11298,13204,91
1085,11298,13241,24
1086,11298,13244,21
1087,11298,13256,21
1088,11298,13277,27
1089,11298,13290,20
1090,11298,13303,99
1091,11298,13342,26
1092,11298,13367,17
1093,11298,13377,27
1094,11298,13422,39
1095,11298,13485,9
1096,11298,13487,58
1097,11298,13495,58
1098,11298,13796,7
1099,11298,13830,25
1100,11298,13851,60
1101,11298,13871,19
1102,11298,13891,47
1103,11298,13930,187
1104,11298,13931,16
1105,11298,14027,20
1106,11298,14057,61
1107,11298,14100,68
1108,11298,14107,116
1109,11298,14108,23
1110,11298,14122,18
1111,11298,14193,16
1112,11298,14262,21
1113,11298,14457,12
1114,11298,14492,33
1115,11298,14524,9
1116,11298,14570,14
1117,11298,14588,29
1118,11298,14635,15
1119,11298,14674,22
1120,11298,14679,99
1121,11298,14683,103
1122,11298,14685,5
1123,11298,14730,8
1124,11298,14747,90
1125,11298,14771,117
1126,11298,14783,48
1127,11298,14814,73
1128,11298,14831,38
1129,11298,14842,36
1130,11298,14843,9
1131,11298,14869,58
1132,11298,14893,32
1133,11298,14908,75
1134,11298,14952,12
1135,11298,14960,30
1136,11298,15016,45
1137,11298,15249,15
1138,11298,15304,59
1139,11298,15370,63
1140,11298,15376,56
1141,11298,15401,27
1142,11298,15411,55
1143,11298,15412,66
1144,11298,15624,41
1145,11298,15919,77
1146,11308,10397,45
1147,11315,13487,9
1148,11337,13487,49
1149,11337,13930,54
1150,11413,11292,10
1151,11413,11298,23
1152,11413,14107,7
1153,11423,10397,17
1154,11423,11292,27
1155,11423,11298,10
1156,11423,11433,1
1157,11423,11618,4
1158,11423,12266,5
1159,11423,12889,6
1160,11423,13232,7
1161,11423,13487,2
1162,11423,13930,41
1163,11423,14107,31
1164,11423,14869,11
1165,11433,10135,24
1166,11433,10257,9
1167,11433,10333,9
1168,11433,10397,160
1169,11433,10408,8
1170,11433,10423,5
1171,11433,10434,5
1172,11433,10529,27
1173,11433,10577,12
1174,11433,10581,10
1175,11433,10599,21
1176,11433,10693,50
1177,11433,10721,90
1178,11433,10785,2
1179,11433,10792,11
1180,11433,10821,76
1181,11433,10980,17
1182,11433,10994,4
1183,11433,11003,7
1184,11433,11013,10
1185,11433,11042,37
1186,11433,11057,110
1187,11433,11193,9
1188,11433,11259,7
1189,11433,11267,11
1190,11433,11278,50
1191,11433,11292,56
1192,11433,11298,74
1193,11433,11423,1
1194,11433,11537,45
1195,11433,11587,7
1196,11433,11612,28
1197,11433,11618,40
1198,11433,11697,72
1199,11433,11823,21
1200,11433,11977,12
1201,11433,11986,62
1202,11433,11995,10
1203,11433,11996,2
1204,11433,12197,13
1205,11433,12264,16
1206,11433,12266,76
1207,11433,12339,26
1208,11433,12451,2
1209,11433,12478,12
1210,11433,12884,29
1211,11433,12889,79
1212,11433,12892,47
1213,11433,12945,23
1214,11433,12953,99
1215,11433,12992,3
1216,11433,13184,9
1217,11433,13198,30
1218,11433,13204,75
1219,11433,13230,6
1220,11433,13232,68
1221,11433,13244,21
1222,11433,13296,5
1223,11433,13303,29
1224,11433,13342,32
1225,11433,13367,1
1226,11433,13485,43
1227,11433,13487,114
1228,11433,13495,18
1229,11433,13577,19
1230,11433,13851,18
1231,11433,13871,24
1232,11433,13930,111
1233,11433,13931,1
1234,11433,14027,9
1235,11433,14057,4
1236,11433,14100,39
1237,11433,14107,54
1238,11433,14108,6
1239,11433,14122,20
1240,11433,14150,13
1241,11433,14307,10
1242,11433,14321,9
1243,11433,14492,19
1244,11433,14524,27
1245,11433,14576,11
1246,11433,14635,28
1247,11433,14679,5
1248,11433,14683,1
1249,11433,14685,2
1250,11433,14696,35
1251,11433,14730,2
1252,11433,14747,61
1253,11433,14771,30
1254,11433,14869,27
1255,11433,15016,43
1256,11433,15096,22
1257,11433,15304,39
1258,11433,15356,15
1259,11433,15370,12
1260,11433,15380,19
1261,11433,15412,2
1262,11447,11292,6
1263,11447,12519,8
1264,11471,13930,17
1265,11481,10397,38
1266,11481,10693,4
1267,11481,11259,2
1268,11481,12191,12
1269,11481,12266,12
1270,11503,11298,1
1271,11525,14869,12
1272,11537,11433,61
1273,11537,13930,27
1274,11540,10397,16
1275,11540,10423,13
1276,11540,11259,40
1277,11540,11292,21
1278,11540,11298,33
1279,11540,12191,24
1280,11540,12266,23
1281,11540,12889,25
1282,11540,12892,32
1283,11540,13930,4
1284,11540,14107,35
1285,11540,14683,13
1286,11577,13930,14
1287,11587,11433,13
1288,11603,11292,16
1289,11603,12892,9
1290,11603,14771,51
1291,11603,14869,5
1292,11612,10397,29
1293,11612,11298,4
1294,11612,11433,24
1295,11612,13930,67
1296,11617,10397,19
1297,11618,10257,12
1298,11618,10397,80
1299,11618,10423,20
1300,11618,10431,15
1301,11618,10529,1
1302,11618,10693,61
1303,11618,10721,113
1304,11618,10732,10
1305,11618,10785,39
1306,11618,10792,57
1307,11618,10821,33
1308,11618,10874,3
1309,11618,10994,62
1310,11618,11042,36
1311,11618,11057,91
1312,11618,11066,15
1313,11618,11193,52
1314,11618,11267,34
1315,11618,11278,50
1316,11618,11292,75
1317,11618,11298,59
1318,11618,11423,9
1319,11618,11433,24
1320,11618,11697,72
1321,11618,11986,11
1322,11618,11995,41
1323,11618,11996,28
1324,11618,12173,7
1325,11618,12191,19
1326,11618,12264,4
1327,11618,12266,102
1328,11618,12339,60
1329,11618,12451,33
1330,11618,12889,38
1331,11618,12892,102
1332,11618,13198,12
1333,11618,13204,92
1334,11618,13232,45
1335,11618,13244,38
1336,11618,13296,27
1337,11618,13303,43
1338,11618,13342,48
1339,11618,13485,14
1340,11618,13487,8
1341,11618,13495,18
1342,11618,13851,16
1343,11618,13871,36
1344,11618,13930,110
1345,11618,13931,31
1346,11618,14027,63
1347,11618,14057,8
1348,11618,14107,46
1349,11618,14122,11
1350,11618,14307,14
1351,11618,14321,35
1352,11618,14492,31
1353,11618,14524,32
1354,11618,14576,23
1355,11618,14635,19
1356,11618,14679,15
1357,11618,14683,4
1358,11618,14685,24
1359,11618,14696,10
1360,11618,14730,14
1361,11618,14747,33
1362,11618,14771,101
1363,11618,14843,24
1364,11618,14869,5
1365,11618,14908,13
1366,11618,15016,49
1367,11618,15096,10
1368,11618,15304,47
1369,11618,15412,11
1370,11618,15919,6
1371,11624,10397,29
1372,11624,13303,6
1373,11630,10299,12
1374,11630,14747,45
1375,11637,11292,30
1376,11637,11298,6
1377,11637,13487,42
1378,11637,13930,67
1379,11638,11292,53
1380,11638,11298,22
1381,11638,12892,50
1382,11638,14057,3
1383,11638,14679,8
1384,11638,14747,27
1385,11638,14771,29
1386,11638,14869,23
1387,11641,10397,31
1388,11648,11292,16
1389,11648,14869,4
1390,11695,14107,89
1391,11697,10158,20
1392,11697,10397,188
1393,11697,10423,19
1394,11697,10529,22
1395,11697,10693,17
1396,11697,10721,63
1397,11697,10732,5
1398,11697,10792,4
1399,11697,10821,74
1400,11697,11042,26
1401,11697,11057,63
1402,11697,11193,4
1403,11697,11259,8
1404,11697,11278,81
1405,11697,11292,10
1406,11697,11298,69
1407,11697,11433,69
1408,11697,11618,68
1409,11697,12191,14
1410,11697,12197,23
1411,11697,12265,4
1412,11697,12266,34
1413,11697,12391,15
1414,11697,12451,24
1415,11697,12478,147
1416,11697,12889,46
1417,11697,12892,43
1418,11697,12898,1
1419,11697,12953,158
1420,11697,13204,16
1421,11697,13232,17
1422,11697,13487,6
1423,11697,13495,14
1424,11697,13577,2
1425,11697,13930,41
1426,11697,13933,11
1427,11697,14025,10
1428,11697,14100,36
1429,11697,14107,7
1430,11697,14122,15
1431,11697,14307,20
1432,11697,14492,10
1433,11697,14524,22
1434,11697,14747,11
1435,11697,14771,35
1436,11697,14843,93
1437,11697,15016,3
1438,11697,15024,2
1439,11697,15070,23
1440,11697,15304,41
1441,11697,15356,2
1442,11721,10397,7
1443,11721,10821,11
1444,11721,12889,10
1445,11721,13204,6
1446,11721,13487,15
1447,11721,13930,36
1448,11775,10397,4
1449,11775,11292,17
1450,11775,13487,41
1451,11775,13930,65
1452,11778,10397,13
1453,11778,11298,19
1454,11823,10397,41
1455,11823,11298,7
1456,11823,11433,41
1457,11823,13487,8
1458,11823,13930,54
1459,11865,11292,12
1460,11865,14869,3
1461,11867,11298,11
1462,11884,10713,13
1463,11884,11292,25
1464,11884,12889,16
1465,11884,13487,21
1466,11884,13796,13
1467,11884,14107,16
1468,11884,14747,111
1469,11884,14869,21
1470,11898,13487,37
1471,11905,11298,15
1472,11921,11292,1
1473,11921,11298,21
1474,11921,12266,10
1475,11921,14107,40
1476,11921,14869,9
1477,11953,10397,60
1478,11953,13303,13
1479,11973,10397,32
1480,11973,11298,13
1481,11973,12266,24
1482,11977,10397,5
1483,11977,11433,20
1484,11977,13487,29
1485,11977,13930,120
1486,11980,11298,8
1487,11982,10397,16
1488,11982,11298,40
1489,11982,12266,16
1490,11986,10397,13
1491,11986,10821,25
1492,11986,11292,32
1493,11986,11433,47
1494,11986,11618,16
1495,11986,12266,7
1496,11986,13487,30
1497,11986,13930,98
1498,11995,10397,51
1499,11995,11057,10
1500,11995,11292,2
1501,11995,11433,11
1502,11995,11618,42
1503,11995,12953,34
1504,11995,13930,13
1505,11996,10397,55
1506,11996,10821,20
1507,11996,11298,3
1508,11996,11433,1
1509,11996,11618,24
1510,11996,12191,4
1511,11996,12266,9
1512,11996,13232,15
1513,11996,13930,33
1514,12003,11292,18
1515,12003,13487,9
1516,12003,14869,18
1517,12007,10397,41
1518,12016,12173,15
1519,12094,11292,5
1520,12129,12343,9
1521,12129,13487,17
1522,12156,11292,17
1523,12156,13487,7
1524,12156,14869,17
1525,12173,10299,5
1526,12173,10397,5
1527,12173,11292,4
1528,12173,11298,12
1529,12173,11618,9
1530,12173,12016,2
1531,12173,12266,14
1532,12173,12402,124
1533,12173,12478,11
1534,12173,12758,177
1535,12173,12889,38
1536,12173,12892,109
1537,12173,12982,171
1538,12173,13487,1
1539,12173,13796,17
1540,12173,13830,231
1541,12173,13930,5
1542,12173,14057,15
1543,12173,14107,34
1544,12173,14222,5
1545,12173,14679,19
1546,12173,14747,26
1547,12173,14771,54
1548,12173,14831,25
1549,12173,14869,2
1550,12173,14893,15
1551,12177,12266,15
1552,12191,10140,41
1553,12191,10397,119
1554,12191,10423,43
1555,12191,10599,20
1556,12191,10693,34
1557,12191,10721,19
1558,12191,10821,22
1559,12191,10994,15
1560,12191,11057,19
1561,12191,11140,49
1562,12191,11259,248
1563,12191,11278,29
1564,12191,11292,50
1565,12191,11298,23
1566,12191,11481,25
1567,12191,11540,30
1568,12191,11618,26
1569,12191,11697,26
1570,12191,11996,12
1571,12191,12206,48
1572,12191,12339,27
1573,12191,12451,9
1574,12191,12478,16
1575,12191,12889,21
1576,12191,12892,52
1577,12191,12953,21
1578,12191,13158,42
1579,12191,13198,21
1580,12191,13204,32
1581,12191,13232,52
1582,12191,13244,21
1583,12191,13495,98
1584,12191,13796,17
1585,12191,13851,26
1586,12191,14107,40
1587,12191,14122,7
1588,12191,14193,19
1589,12191,14492,15
1590,12191,14679,17
1591,12191,14683,57
1592,12191,14843,3
1593,12191,14908,7
1594,12191,15016,34
1595,12191,15304,25
1596,12191,15370,35
1597,12197,10397,98
1598,12197,11433,17
1599,12197,11697,28
1600,12197,13204,24
1601,12197,13930,58
1602,12197,14027,35
1603,12197,14635,12
1604,12197,15304,11
1605,12206,10423,1
1606,12206,12191,38
1607,12206,12266,17
1608,12217,10397,53
1609,12217,11298,4
1610,12217,12266,25
1611,12217,13930,11
1612,12255,11292,18
1613,12264,10397,45
1614,12264,10423,3
1615,12264,10721,62
1616,12264,11042,7
1617,12264,11193,2
1618,12264,11292,92
1619,12264,11298,26
1620,12264,11433,7
1621,12264,11618,3
1622,12264,12173,1
1623,12264,12266,39
1624,12264,12478,43
1625,12264,12889,34
1626,12264,12892,69
1627,12264,13204,60
1628,12264,13232,31
1629,12264,13244,2
1630,12264,13303,21
1631,12264,13487,14
1632,12264,13495,7
1633,12264,13930,42
1634,12264,14057,15
1635,12264,14107,5
1636,12264,14492,13
1637,12264,14679,19
1638,12264,14747,36
1639,12264,14771,62
1640,12264,14893,10
1641,12264,15304,20
1642,12265,11697,1
1643,12265,13577,8
1644,12266,10140,23
1645,12266,10185,34
1646,12266,10279,24
1647,12266,10397,115
1648,12266,10423,54
1649,12266,10599,43
1650,12266,10693,31
1651,12266,10713,7
1652,12266,10721,28
1653,12266,10747,24
1654,12266,10781,59
1655,12266,10821,24
1656,12266,10868,5
1657,12266,10994,35
1658,12266,11042,56
1659,12266,11049,14
1660,12266,11057,84
1661,12266,11066,26
1662,12266,11109,31
1663,12266,11140,54
1664,12266,11146,6
1665,12266,11193,63
1666,12266,11278,48
1667,12266,11292,109
1668,12266,11298,116
1669,12266,11423,16
1670,12266,11433,75
1671,12266,11481,18
1672,12266,11540,42
1673,12266,11618,106
1674,12266,11697,49
1675,12266,11921,11
1676,12266,11973,44
1677,12266,11982,17
1678,12266,11986,11
1679,12266,11996,23
1680,12266,12173,14
1681,12266,12177,15
1682,12266,12206,29
1683,12266,12217,27
1684,12266,12264,22
1685,12266,12278,12
1686,12266,12339,18
1687,12266,12389,12
1688,12266,12448,46
1689,12266,12451,30
1690,12266,12889,71
1691,12266,12892,191
1692,12266,12896,47
1693,12266,12915,19
1694,12266,12945,10
1695,12266,12951,62
1696,12266,12953,57
1697,12266,12992,73
1698,12266,13061,29
1699,12266,13158,38
1700,12266,13198,56
1701,12266,13204,64
1702,12266,13244,78
1703,12266,13256,47
1704,12266,13303,60
1705,12266,13342,23
1706,12266,13377,23
1707,12266,13422,42
1708,12266,13487,26
1709,12266,13495,83
1710,12266,13796,7
1711,12266,13851,23
1712,12266,13871,42
1713,12266,13891,24
1714,12266,13930,139
1715,12266,13931,13
1716,12266,14027,6
1717,12266,14057,16
1718,12266,14100,60
1719,12266,14107,107
1720,12266,14108,8
1721,12266,14122,31
1722,12266,14193,45
1723,12266,14262,7
1724,12266,14492,6
1725,12266,14524,33
1726,12266,14635,15
1727,12266,14679,65
1728,12266,14683,89
1729,12266,14685,11
1730,12266,14730,30
1731,12266,14747,43
1732,12266,14771,114
1733,12266,14814,41
1734,12266,14831,10
1735,12266,14843,9
1736,12266,14869,46
1737,12266,14893,13
1738,12266,14908,28
1739,12266,15016,41
1740,12266,15304,55
1741,12266,15370,66
1742,12266,15376,44
1743,12266,15411,16
1744,12266,15412,39
1745,12266,15624,18
1746,12266,15919,39
1747,12278,10397,17
1748,12278,11259,16
1749,12278,11292,27
1750,12278,11298,9
1751,12278,12266,20
1752,12278,12889,4
1753,12278,13232,12
1754,12278,13487,24
1755,12278,13930,38
1756,12280,11292,36
1757,12280,14869,22
1758,12323,10397,39
1759,12323,11057,17
1760,12335,13487,6
1761,12335,14520,2
1762,12339,10397,93
1763,12339,10721,37
1764,12339,10821,32
1765,12339,11057,35
1766,12339,11259,5
1767,12339,11278,23
1768,12339,11292,40
1769,12339,11298,33
1770,12339,11433,13
1771,12339,11618,39
1772,12339,12191,8
1773,12339,12266,31
1774,12339,12889,9
1775,12339,12892,4
1776,12339,13198,13
1777,12339,13204,20
1778,12339,13487,15
1779,12339,13930,73
1780,12339,14100,14
1781,12339,14107,15
1782,12339,14492,5
1783,12339,14635,12
1784,12339,14771,9
1785,12339,15304,15
1786,12343,12129,7
1787,12343,13487,4
1788,12389,11292,27
1789,12389,12266,3
1790,12389,13487,20
1791,12391,10821,43
1792,12391,11697,2
1793,12391,13204,16
1794,12391,14027,21
1795,12391,15304,6
1796,12402,12173,111
1797,12402,12892,4
1798,12402,13830,8
1799,12441,11292,20
1800,12441,11298,1
1801,12441,14869,10
1802,12448,10397,27
1803,12448,11298,42
1804,12448,12266,49
1805,12448,13930,3
1806,12451,10397,130
1807,12451,10693,14
1808,12451,10721,24
1809,12451,10821,13
1810,12451,11057,66
1811,12451,11278,10
1812,12451,11292,4
1813,12451,11298,15
1814,12451,11433,2
1815,12451,11618,31
1816,12451,11697,24
1817,12451,12191,9
1818,12451,12266,17
1819,12451,12478,50
1820,12451,12953,1
1821,12451,13232,5
1822,12451,13303,13
1823,12451,13487,2
1824,12451,13930,47
1825,12451,14100,7
1826,12478,10140,15
1827,12478,10154,8
1828,12478,10397,54
1829,12478,10423,41
1830,12478,10693,11
1831,12478,10721,177
1832,12478,10732,8
1833,12478,10785,38
1834,12478,10792,85
1835,12478,10800,8
1836,12478,10821,12
1837,12478,10994,51
1838,12478,11042,3
1839,12478,11057,70
1840,12478,11066,8
1841,12478,11193,8
1842,12478,11278,15
1843,12478,11292,33
1844,12478,11298,3
1845,12478,11433,9
1846,12478,11697,115
1847,12478,12173,16
1848,12478,12191,15
1849,12478,12264,41
1850,12478,12451,48
1851,12478,12889,95
1852,12478,12892,263
1853,12478,12954,14
1854,12478,13204,135
1855,12478,13303,76
1856,12478,13487,30
1857,12478,13495,20
1858,12478,13541,2
1859,12478,13796,8
1860,12478,13930,73
1861,12478,14027,56
1862,12478,14057,30
1863,12478,14107,52
1864,12478,14122,5
1865,12478,14254,12
1866,12478,14321,44
1867,12478,14492,35
1868,12478,14570,7
1869,12478,14576,40
1870,12478,14635,21
1871,12478,14679,37
1872,12478,14683,4
1873,12478,14685,23
1874,12478,14747,84
1875,12478,14771,196
1876,12478,14831,8
1877,12478,14843,97
1878,12478,14869,35
1879,12478,14893,6
1880,12478,14986,6
1881,12478,15024,10
1882,12478,15096,46
1883,12478,15304,52
1884,12511,11298,8
1885,12519,11292,6
1886,12519,11447,10
1887,12523,10299,31
1888,12523,12819,16
1889,12523,14256,16
1890,12523,14747,41
1891,12523,14828,20
1892,12523,15991,15
1893,12758,11292,1
1894,12758,12173,189
1895,12758,12892,31
1896,12758,13796,7
1897,12758,13830,21
1898,12758,14107,2
1899,12758,14747,4
1900,12758,14771,18
1901,12758,14831,5
1902,12819,12523,8
1903,12819,14747,40
1904,12819,14828,11
1905,12819,15841,10
1906,12884,11433,30
1907,12884,13487,25
1908,12884,13930,22
1909,12888,11292,10
1910,12889,10140,43
1911,12889,10257,9
1912,12889,10279,4
1913,12889,10397,110
1914,12889,10423,35
1915,12889,10529,12
1916,12889,10599,12
1917,12889,10693,27
1918,12889,10713,14
1919,12889,10721,42
1920,12889,10792,12
1921,12889,10800,72
1922,12889,10821,36
1923,12889,11042,30
1924,12889,11057,56
1925,12889,11066,18
1926,12889,11193,17
1927,12889,11259,44
1928,12889,11278,13
1929,12889,11292,196
1930,12889,11298,136
1931,12889,11423,3
1932,12889,11433,84
1933,12889,11540,19
1934,12889,11618,38
1935,12889,11697,62
1936,12889,11721,7
1937,12889,11884,15
1938,12889,12173,42
1939,12889,12191,41
1940,12889,12264,33
1941,12889,12266,85
1942,12889,12278,12
1943,12889,12339,20
1944,12889,12478,102
1945,12889,12892,342
1946,12889,12896,13
1947,12889,12898,6
1948,12889,12954,42
1949,12889,12992,10
1950,12889,13158,20
1951,12889,13198,45
1952,12889,13204,25
1953,12889,13232,68
1954,12889,13303,25
1955,12889,13342,26
1956,12889,13487,68
1957,12889,13495,14
1958,12889,13796,108
1959,12889,13851,21
1960,12889,13871,23
1961,12889,13891,42
1962,12889,13930,96
1963,12889,14057,70
1964,12889,14100,59
1965,12889,14107,177
1966,12889,14122,13
1967,12889,14492,5
1968,12889,14570,76
1969,12889,14679,134
1970,12889,14683,39
1971,12889,14730,7
1972,12889,14747,202
1973,12889,14771,289
1974,12889,14831,78
1975,12889,14869,106
1976,12889,14893,83
1977,12889,14908,46
1978,12889,15016,36
1979,12889,15304,18
1980,12889,15370,5
1981,12889,15376,31
1982,12891,11298,16
1983,12892,10140,67
1984,12892,10299,4
1985,12892,10372,7
1986,12892,10397,183
1987,12892,10423,79
1988,12892,10693,46
1989,12892,10713,20
1990,12892,10721,103
1991,12892,10821,51
1992,12892,11042,22
1993,12892,11057,73
1994,12892,11066,9
1995,12892,11109,29
1996,12892,11193,12
1997,12892,11259,98
1998,12892,11278,26
1999,12892,11292,202
2000,12892,11298,232
2001,12892,11433,71
2002,12892,11540,34
2003,12892,11603,15
2004,12892,11618,114
2005,12892,11638,44
2006,12892,11697,74
2007,12892,11884,1
2008,12892,12173,158
2009,12892,12191,58
2010,12892,12264,78
2011,12892,12266,140
2012,12892,12339,24
2013,12892,12402,6
2014,12892,12478,322
2015,12892,12758,37
2016,12892,12889,337
2017,12892,12982,25
2018,12892,13198,59
2019,12892,13204,74
2020,12892,13232,75
2021,12892,13244,5
2022,12892,13303,93
2023,12892,13342,13
2024,12892,13476,39
2025,12892,13487,83
2026,12892,13495,39
2027,12892,13796,218
2028,12892,13830,59
2029,12892,13851,11
2030,12892,13930,265
2031,12892,14057,98
2032,12892,14100,39
2033,12892,14107,249
2034,12892,14122,5
2035,12892,14262,10
2036,12892,14492,26
2037,12892,14570,75
2038,12892,14679,62
2039,12892,14683,32
2040,12892,14689,56
2041,12892,14698,44
2042,12892,14747,319
2043,12892,14771,494
2044,12892,14831,126
2045,12892,14869,171
2046,12892,14893,175
2047,12892,15016,46
2048,12892,15304,16
2049,12892,15376,52
2050,12896,10423,5
2051,12896,11259,44
2052,12896,11292,27
2053,12896,11298,15
2054,12896,12266,34
2055,12896,12889,10
2056,12898,11697,3
2057,12898,12889,4
2058,12898,13204,13
2059,12898,13577,6
2060,12898,13930,11
2061,12915,11298,8
2062,12915,12266,13
2063,12945,10397,71
2064,12945,11433,15
2065,12945,12266,10
2066,12945,12953,2
2067,12945,13487,1
2068,12945,13930,34
2069,12951,10397,59
2070,12951,11298,24
2071,12951,12266,38
2072,12953,10397,169
2073,12953,10581,3
2074,12953,10599,25
2075,12953,10693,78
2076,12953,10721,195
2077,12953,10785,2
2078,12953,10792,14
2079,12953,10868,9
2080,12953,10874,18
2081,12953,10990,24
2082,12953,11042,58
2083,12953,11057,104
2084,12953,11066,55
2085,12953,11193,8
2086,12953,11259,53
2087,12953,11278,155
2088,12953,11292,66
2089,12953,11298,126
2090,12953,11433,146
2091,12953,11697,146
2092,12953,11995,29
2093,12953,11996,1
2094,12953,12191,15
2095,12953,12266,46
2096,12953,12451,2
2097,12953,12945,10
2098,12953,13198,34
2099,12953,13204,84
2100,12953,13232,65
2101,12953,13303,121
2102,12953,13342,22
2103,12953,13487,50
2104,12953,13495,7
2105,12953,13577,27
2106,12953,13871,12
2107,12953,13930,284
2108,12953,14027,65
2109,12953,14100,1
2110,12953,14122,3
2111,12953,14492,27
2112,12953,14524,80
2113,12953,14635,9
2114,12953,14685,8
2115,12953,14986,8
2116,12953,15016,21
2117,12953,15304,31
2118,12953,15919,26
2119,12954,10423,11
2120,12954,10721,12
2121,12954,12478,21
2122,12954,12889,44
2123,12954,13796,23
2124,12954,14057,35
2125,12954,14747,38
2126,12954,14771,36
2127,12954,14869,51
2128,12954,14893,33
2129,12982,12173,188
2130,12982,12892,23
2131,12982,13830,66
2132,12982,14107,6
2133,12982,14679,2
2134,12982,14747,8
2135,12982,14771,8
2136,12992,10397,35
2137,12992,10821,8
2138,12992,11259,35
2139,12992,11292,17
2140,12992,11298,65
2141,12992,11433,1
2142,12992,12266,62
2143,12992,12889,5
2144,12992,13232,2
2145,12992,13930,51
2146,12992,14107,2
2147,13029,10397,5
2148,13029,11292,18
2149,13029,13487,28
2150,13029,13930,40
2151,13061,11298,19
2152,13061,12266,23
2153,13076,13487,20
2154,13076,13930,13
2155,13127,14869,7
2156,13158,11259,46
2157,13158,11292,16
2158,13158,11298,8
2159,13158,12191,30
2160,13158,12266,33
2161,13158,12889,15
2162,13184,11433,19
2163,13184,13487,12
2164,13184,13930,34
2165,13198,10140,8
2166,13198,10397,60
2167,13198,10693,35
2168,13198,10721,10
2169,13198,10821,27
2170,13198,11057,49
2171,13198,11259,67
2172,13198,11278,21
2173,13198,11292,61
2174,13198,11298,61
2175,13198,11433,12
2176,13198,11618,10
2177,13198,12191,15
2178,13198,12266,55
2179,13198,12339,11
2180,13198,12889,31
2181,13198,12892,29
2182,13198,12953,29
2183,13198,13204,7
2184,13198,13232,53
2185,13198,13303,6
2186,13198,13342,9
2187,13198,13487,44
2188,13198,13495,1
2189,13198,13796,5
2190,13198,13930,48
2191,13198,14057,2
2192,13198,14107,53
2193,13198,14679,1
2194,13198,14747,8
2195,13198,14771,8
2196,13198,14869,8
2197,13198,15016,28
2198,13198,15304,8
2199,13204,10158,23
2200,13204,10257,2
2201,13204,10397,188
2202,13204,10423,13
2203,13204,10529,44
2204,13204,10599,14
2205,13204,10693,23
2206,13204,10721,96
2207,13204,10732,10
2208,13204,10792,30
2209,13204,10821,66
2210,13204,10874,5
2211,13204,11042,53
2212,13204,11057,106
2213,13204,11066,14
2214,13204,11193,27
2215,13204,11259,12
2216,13204,11267,5
2217,13204,11278,119
2218,13204,11292,52
2219,13204,11298,94
2220,13204,11433,69
2221,13204,11618,110
2222,13204,11697,10
2223,13204,11721,9
2224,13204,12191,19
2225,13204,12197,37
2226,13204,12264,28
2227,13204,12266,54
2228,13204,12339,19
2229,13204,12391,24
2230,13204,12478,202
2231,13204,12889,26
2232,13204,12892,31
2233,13204,12898,13
2234,13204,12953,110
2235,13204,13198,24
2236,13204,13232,40
2237,13204,13244,4
2238,13204,13296,18
2239,13204,13303,79
2240,13204,13342,12
2241,13204,13487,10
2242,13204,13495,27
2243,13204,13930,99
2244,13204,13931,9
2245,13204,13933,11
2246,13204,14100,141
2247,13204,14107,32
2248,13204,14122,32
2249,13204,14254,8
2250,13204,14307,42
2251,13204,14492,23
2252,13204,14524,18
2253,13204,14576,11
2254,13204,14679,2
2255,13204,14683,3
2256,13204,14730,2
2257,13204,14747,12
2258,13204,14771,14
2259,13204,14843,91
2260,13204,14869,24
2261,13204,15016,13
2262,13204,15070,14
2263,13204,15096,11
2264,13204,15356,16
2265,13230,10397,17
2266,13230,11057,7
2267,13230,11433,5
2268,13230,13930,31
2269,13232,10140,25
2270,13232,10257,17
2271,13232,10397,98
2272,13232,10423,34
2273,13232,10529,14
2274,13232,10599,16
2275,13232,10693,68
2276,13232,10721,52
2277,13232,10792,22
2278,13232,10821,72
2279,13232,10994,23
2280,13232,11042,49
2281,13232,11057,24
2282,13232,11066,56
2283,13232,11259,77
2284,13232,11278,71
2285,13232,11292,57
2286,13232,11423,10
2287,13232,11433,58
2288,13232,11618,60
2289,13232,11697,21
2290,13232,11996,16
2291,13232,12191,63
2292,13232,12264,17
2293,13232,12278,19
2294,13232,12451,10
2295,13232,12889,44
2296,13232,12892,38
2297,13232,12953,68
2298,13232,12992,10
2299,13232,13198,47
2300,13232,13204,69
2301,13232,13244,27
2302,13232,13296,32
2303,13232,13487,112
2304,13232,13495,17
2305,13232,13796,17
2306,13232,13851,3
2307,13232,13871,53
2308,13232,13891,4
2309,13232,13931,26
2310,13232,14057,19
2311,13232,14100,58
2312,13232,14107,54
2313,13232,14122,44
2314,13232,14307,26
2315,13232,14492,34
2316,13232,14570,5
2317,13232,14576,18
2318,13232,14635,16
2319,13232,14679,26
2320,13232,14683,15
2321,13232,14730,30
2322,13232,14747,49
2323,13232,14771,14
2324,13232,14831,7
2325,13232,14869,22
2326,13232,14893,18
2327,13232,14908,5
2328,13232,15016,62
2329,13232,15304,25
2330,13232,15370,12
2331,13232,15376,8
2332,13241,11298,11
2333,13241,14109,16
2334,13244,10397,67
2335,13244,10821,10
2336,13244,11057,12
2337,13244,11193,17
2338,13244,11259,11
2339,13244,11292,38
2340,13244,11298,21
2341,13244,11433,21
2342,13244,11618,36
2343,13244,12191,13
2344,13244,12264,1
2345,13244,12266,41
2346,13244,12892,3
2347,13244,13204,1
2348,13244,13232,10
2349,13244,13487,15
2350,13244,13930,55
2351,13244,15304,6
2352,13256,11298,13
2353,13256,12266,20
2354,13264,11292,20
2355,13264,14771,30
2356,13264,14869,13
2357,13277,10397,80
2358,13277,11298,20
2359,13290,11298,10
2360,13290,13930,13
2361,13296,10397,3
2362,13296,10821,59
2363,13296,11433,5
2364,13296,11618,32
2365,13296,13204,9
2366,13296,13232,22
2367,13296,13930,23
2368,13296,15304,1
2369,13303,10397,96
2370,13303,10423,6
2371,13303,10529,12
2372,13303,10599,10
2373,13303,10693,3
2374,13303,10721,71
2375,13303,10821,27
2376,13303,11042,10
2377,13303,11057,42
2378,13303,11066,18
2379,13303,11193,12
2380,13303,11278,94
2381,13303,11292,41
2382,13303,11298,109
2383,13303,11433,35
2384,13303,11618,78
2385,13303,11624,6
2386,13303,11953,11
2387,13303,12264,25
2388,13303,12266,69
2389,13303,12451,12
2390,13303,12478,129
2391,13303,12889,33
2392,13303,12892,89
2393,13303,12953,177
2394,13303,13198,6
2395,13303,13204,95
2396,13303,13487,13
2397,13303,13495,23
2398,13303,13930,111
2399,13303,14100,82
2400,13303,14107,10
2401,13303,14492,18
2402,13303,14524,5
2403,13303,14679,7
2404,13303,14683,5
2405,13303,14747,13
2406,13303,14771,37
2407,13303,14843,67
2408,13303,15016,16
2409,13303,15024,31
2410,13303,15027,15
2411,13303,15249,2
2412,13303,15304,41
2413,13303,15370,1
2414,13342,10397,50
2415,13342,10721,26
2416,13342,10821,25
2417,13342,11042,14
2418,13342,11193,19
2419,13342,11259,2
2420,13342,11278,18
2421,13342,11292,55
2422,13342,11298,26
2423,13342,11433,79
2424,13342,11618,38
2425,13342,12266,26
2426,13342,12889,14
2427,13342,12892,2
2428,13342,12953,26
2429,13342,13198,7
2430,13342,13204,10
2431,13342,13487,48
2432,13342,13930,153
2433,13342,14107,18
2434,13342,14747,25
2435,13342,14771,6
2436,13342,15016,15
2437,13342,15304,11
2438,13344,13930,22
2439,13360,10397,21
2440,13367,10397,24
2441,13367,11298,7
2442,13367,13930,35
2443,13377,10397,45
2444,13377,11298,9
2445,13377,12266,40
2446,13422,10397,87
2447,13422,11298,22
2448,13422,12266,45
2449,13422,13930,6
2450,13433,11292,18
2451,13433,13487,35
2452,13459,13930,8
2453,13476,12892,46
2454,13476,14107,16
2455,13476,14771,15
2456,13485,10397,9
2457,13485,11292,22
2458,13485,11298,6
2459,13485,11433,34
2460,13485,11618,9
2461,13485,13487,30
2462,13485,13930,87
2463,13485,14869,3
2464,13486,11292,18
2465,13486,14869,15
2466,13487,10140,8
2467,13487,10141,17
2468,13487,10257,5
2469,13487,10299,21
2470,13487,10397,71
2471,13487,10408,15
2472,13487,10529,10
2473,13487,10620,14
2474,13487,10627,45
2475,13487,10631,16
2476,13487,10685,1
2477,13487,10693,29
2478,13487,10713,19
2479,13487,10721,30
2480,13487,10739,10
2481,13487,10821,23
2482,13487,10849,11
2483,13487,11003,29
2484,13487,11042,23
2485,13487,11057,39
2486,13487,11066,9
2487,13487,11193,7
2488,13487,11267,6
2489,13487,11278,48
2490,13487,11292,144
2491,13487,11298,84
2492,13487,11315,9
2493,13487,11337,31
2494,13487,11423,1
2495,13487,11433,92
2496,13487,11618,16
2497,13487,11637,36
2498,13487,11697,2
2499,13487,11721,9
2500,13487,11775,48
2501,13487,11823,12
2502,13487,11884,18
2503,13487,11898,29
2504,13487,11977,32
2505,13487,11986,17
2506,13487,12003,12
2507,13487,12129,20
2508,13487,12156,13
2509,13487,12264,16
2510,13487,12266,70
2511,13487,12278,25
2512,13487,12335,4
2513,13487,12339,5
2514,13487,12343,6
2515,13487,12389,19
2516,13487,12478,20
2517,13487,12884,12
2518,13487,12889,77
2519,13487,12892,71
2520,13487,12953,35
2521,13487,13029,17
2522,13487,13076,29
2523,13487,13184,6
2524,13487,13198,49
2525,13487,13204,22
2526,13487,13232,78
2527,13487,13244,7
2528,13487,13303,7
2529,13487,13342,43
2530,13487,13433,31
2531,13487,13485,22
2532,13487,13486,3
2533,13487,13495,3
2534,13487,13851,6
2535,13487,13871,47
2536,13487,13930,190
2537,13487,13931,14
2538,13487,14057,43
2539,13487,14100,62
2540,13487,14107,80
2541,13487,14122,7
2542,13487,14252,8
2543,13487,14457,19
2544,13487,14492,5
2545,13487,14520,10
2546,13487,14524,17
2547,13487,14576,7
2548,13487,14633,6
2549,13487,14635,5
2550,13487,14679,14
2551,13487,14683,16
2552,13487,14696,18
2553,13487,14730,4
2554,13487,14747,113
2555,13487,14771,47
2556,13487,14831,8
2557,13487,14869,39
2558,13487,14893,8
2559,13487,14908,9
2560,13487,15016,41
2561,13487,15096,1
2562,13487,15304,3
2563,13487,15356,6
2564,13487,15370,21
2565,13487,15919,22
2566,13495,10397,141
2567,13495,10423,17
2568,13495,10693,22
2569,13495,10721,7
2570,13495,10821,15
2571,13495,11057,51
2572,13495,11259,53
2573,13495,11278,28
2574,13495,11292,41
2575,13495,11298,47
2576,13495,11433,21
2577,13495,11618,36
2578,13495,11697,25
2579,13495,12191,59
2580,13495,12264,12
2581,13495,12266,82
2582,13495,12478,24
2583,13495,12889,6
2584,13495,12892,18
2585,13495,12953,13
2586,13495,13198,5
2587,13495,13204,18
2588,13495,13232,15
2589,13495,13303,15
2590,13495,13487,19
2591,13495,13796,6
2592,13495,13930,26
2593,13495,14100,14
2594,13495,14107,7
2595,13495,14679,8
2596,13495,14683,5
2597,13495,14747,5
2598,13495,14771,7
2599,13495,14869,2
2600,13495,15016,13
2601,13495,15304,14
2602,13502,11292,2
2603,13541,12478,5
2604,13577,10158,6
2605,13577,10397,45
2606,13577,10721,8
2607,13577,10821,11
2608,13577,11042,2
2609,13577,11433,17
2610,13577,11697,13
2611,13577,12265,4
2612,13577,12898,6
2613,13577,12953,24
2614,13577,13930,12
2615,13577,14100,12
2616,13795,10397,53
2617,13796,10140,30
2618,13796,10423,19
2619,13796,10693,10
2620,13796,10713,17
2621,13796,10800,95
2622,13796,10821,9
2623,13796,11066,7
2624,13796,11259,30
2625,13796,11292,57
2626,13796,11298,6
2627,13796,11884,19
2628,13796,12173,13
2629,13796,12191,24
2630,13796,12266,19
2631,13796,12478,13
2632,13796,12758,5
2633,13796,12889,118
2634,13796,12892,197
2635,13796,12954,26
2636,13796,12982,1
2637,13796,13198,17
2638,13796,13232,36
2639,13796,13495,16
2640,13796,13830,30
2641,13796,13891,55
2642,13796,13930,10
2643,13796,14057,62
2644,13796,14107,74
2645,13796,14679,89
2646,13796,14747,133
2647,13796,14869,64
2648,13796,14908,61
2649,13830,11292,2
2650,13830,11298,8
2651,13830,12173,265
2652,13830,12402,13
2653,13830,12758,39
2654,13830,12892,56
2655,13830,12982,69
2656,13830,13796,8
2657,13830,13930,1
2658,13830,14057,3
2659,13830,14107,10
2660,13830,14679,9
2661,13830,14747,34
2662,13830,14771,28
2663,13830,14831,9
2664,13830,14893,3
2665,13851,10397,18
2666,13851,10821,18
2667,13851,11259,31
2668,13851,11292,41
2669,13851,11298,55
2670,13851,11433,12
2671,13851,11618,12
2672,13851,12191,39
2673,13851,12266,50
2674,13851,12889,12
2675,13851,12892,8
2676,13851,13232,2
2677,13851,13487,3
2678,13851,13930,68
2679,13851,14107,17
2680,13851,14747,2
2681,13851,14771,8
2682,13851,14869,2
2683,13851,15016,25
2684,13871,10397,23
2685,13871,11259,4
2686,13871,11292,52
2687,13871,11298,31
2688,13871,11433,14
2689,13871,11618,40
2690,13871,12266,34
2691,13871,12889,20
2692,13871,12953,3
2693,13871,13232,36
2694,13871,13487,48
2695,13871,13930,44
2696,13871,14107,22
2697,13871,14747,2
2698,13871,14869,8
2699,13871,15016,23
2700,13873,10299,26
2701,13873,13970,1
2702,13891,11292,54
2703,13891,11298,30
2704,13891,12266,24
2705,13891,12889,51
2706,13891,13232,9
2707,13891,13796,79
2708,13891,14057,6
2709,13891,14107,98
2710,13891,14747,29
2711,13891,14771,89
2712,13891,14831,55
2713,13891,14869,9
2714,13891,14893,55
2715,13930,10135,25
2716,13930,10140,24
2717,13930,10257,32
2718,13930,10268,10
2719,13930,10299,21
2720,13930,10397,205
2721,13930,10408,65
2722,13930,10423,74
2723,13930,10431,48
2724,13930,10434,26
2725,13930,10469,13
2726,13930,10529,52
2727,13930,10599,66
2728,13930,10627,6
2729,13930,10685,12
2730,13930,10693,123
2731,13930,10713,37
2732,13930,10721,192
2733,13930,10785,25
2734,13930,10792,63
2735,13930,10821,87
2736,13930,10849,14
2737,13930,10868,34
2738,13930,10874,48
2739,13930,10980,3
2740,13930,10990,9
2741,13930,10994,70
2742,13930,11003,75
2743,13930,11042,103
2744,13930,11057,67
2745,13930,11066,80
2746,13930,11067,14
2747,13930,11076,17
2748,13930,11109,53
2749,13930,11111,15
2750,13930,11146,22
2751,13930,11193,107
2752,13930,11203,40
2753,13930,11267,89
2754,13930,11274,21
2755,13930,11278,188
2756,13930,11292,175
2757,13930,11298,199
2758,13930,11337,59
2759,13930,11423,58
2760,13930,11433,129
2761,13930,11471,27
2762,13930,11537,30
2763,13930,11540,7
2764,13930,11577,33
2765,13930,11612,25
2766,13930,11618,135
2767,13930,11637,72
2768,13930,11697,44
2769,13930,11721,34
2770,13930,11775,84
2771,13930,11823,40
2772,13930,11977,90
2773,13930,11986,71
2774,13930,11995,26
2775,13930,11996,61
2776,13930,12173,17
2777,13930,12197,48
2778,13930,12217,3
2779,13930,12264,66
2780,13930,12266,173
2781,13930,12278,77
2782,13930,12339,74
2783,13930,12441,1
2784,13930,12448,23
2785,13930,12451,21
2786,13930,12478,86
2787,13930,12884,36
2788,13930,12889,121
2789,13930,12892,196
2790,13930,12898,6
2791,13930,12945,74
2792,13930,12953,276
2793,13930,12992,52
2794,13930,13029,60
2795,13930,13076,13
2796,13930,13184,43
2797,13930,13198,96
2798,13930,13204,128
2799,13930,13230,36
2800,13930,13244,85
2801,13930,13290,8
2802,13930,13296,16
2803,13930,13303,119
2804,13930,13342,153
2805,13930,13344,28
2806,13930,13367,41
2807,13930,13422,15
2808,13930,13459,7
2809,13930,13485,94
2810,13930,13487,189
2811,13930,13495,47
2812,13930,13577,20
2813,13930,13796,7
2814,13930,13830,1
2815,13930,13851,78
2816,13930,13871,58
2817,13930,13931,43
2818,13930,14006,19
2819,13930,14027,14
2820,13930,14057,92
2821,13930,14100,139
2822,13930,14107,105
2823,13930,14108,56
2824,13930,14122,34
2825,13930,14262,2
2826,13930,14307,19
2827,13930,14321,9
2828,13930,14492,59
2829,13930,14524,60
2830,13930,14570,9
2831,13930,14574,43
2832,13930,14576,54
2833,13930,14633,15
2834,13930,14635,41
2835,13930,14679,49
2836,13930,14683,52
2837,13930,14685,42
2838,13930,14696,69
2839,13930,14711,37
2840,13930,14730,13
2841,13930,14747,125
2842,13930,14771,199
2843,13930,14783,41
2844,13930,14831,16
2845,13930,14843,21
2846,13930,14869,64
2847,13930,14893,26
2848,13930,14908,42
2849,13930,14952,38
2850,13930,14986,8
2851,13930,15016,71
2852,13930,15048,7
2853,13930,15096,36
2854,13930,15295,4
2855,13930,15304,61
2856,13930,15356,18
2857,13930,15370,59
2858,13930,15376,15
2859,13930,15380,38
2860,13930,15412,56
2861,13930,15919,73
2862,13931,10397,54
2863,13931,10821,35
2864,13931,11057,36
2865,13931,11298,18
2866,13931,11433,1
2867,13931,11618,46
2868,13931,12266,15
2869,13931,13204,3
2870,13931,13232,17
2871,13931,13487,17
2872,13931,13930,15
2873,13933,11697,10
2874,13933,13204,5
2875,13964,11292,2
2876,13964,14771,17
2877,13970,10299,14
2878,13970,13873,15
2879,14006,13930,20
2880,14025,11697,5
2881,14027,10397,98
2882,14027,10529,15
2883,14027,10721,49
2884,14027,10821,27
2885,14027,11057,34
2886,14027,11278,38
2887,14027,11298,10
2888,14027,11433,11
2889,14027,11618,62
2890,14027,12197,45
2891,14027,12266,3
2892,14027,12391,24
2893,14027,12478,53
2894,14027,12953,70
2895,14027,13930,15
2896,14027,14100,19
2897,14057,10140,6
2898,14057,10299,15
2899,14057,10397,17
2900,14057,10721,2
2901,14057,10800,11
2902,14057,10849,1
2903,14057,11057,5
2904,14057,11259,4
2905,14057,11278,4
2906,14057,11292,94
2907,14057,11298,40
2908,14057,11433,6
2909,14057,11618,4
2910,14057,11638,4
2911,14057,12173,41
2912,14057,12264,5
2913,14057,12266,16
2914,14057,12478,18
2915,14057,12889,76
2916,14057,12892,60
2917,14057,12954,21
2918,14057,13198,4
2919,14057,13232,17
2920,14057,13487,25
2921,14057,13796,43
2922,14057,13830,21
2923,14057,13891,10
2924,14057,13930,69
2925,14057,14100,2
2926,14057,14107,71
2927,14057,14262,6
2928,14057,14679,30
2929,14057,14689,6
2930,14057,14747,79
2931,14057,14771,76
2932,14057,14831,54
2933,14057,14869,66
2934,14057,14893,42
2935,14057,14908,17
2936,14057,15016,1
2937,14057,15376,1
2938,14098,10397,33
2939,14100,10397,160
2940,14100,10423,2
2941,14100,10529,13
2942,14100,10693,9
2943,14100,10721,182
2944,14100,10994,2
2945,14100,11057,95
2946,14100,11259,4
2947,14100,11278,1
2948,14100,11292,46
2949,14100,11298,122
2950,14100,11433,34
2951,14100,11697,45
2952,14100,12266,75
2953,14100,12339,22
2954,14100,12451,6
2955,14100,12889,65
2956,14100,12892,53
2957,14100,12953,6
2958,14100,13204,122
2959,14100,13232,46
2960,14100,13303,69
2961,14100,13487,80
2962,14100,13495,19
2963,14100,13577,11
2964,14100,13930,175
2965,14100,14027,18
2966,14100,14107,58
2967,14100,14122,26
2968,14100,14307,28
2969,14100,14492,32
2970,14100,14524,1
2971,14100,14635,18
2972,14100,14679,12
2973,14100,14747,18
2974,14100,14771,49
2975,14100,14843,15
2976,14100,14869,5
2977,14100,15016,9
2978,14100,15304,42
2979,14107,10140,62
2980,14107,10299,12
2981,14107,10397,82
2982,14107,10423,44
2983,14107,10561,15
2984,14107,10693,17
2985,14107,10713,32
2986,14107,10721,50
2987,14107,10792,14
2988,14107,10800,44
2989,14107,10821,53
2990,14107,11042,18
2991,14107,11057,100
2992,14107,11066,21
2993,14107,11259,40
2994,14107,11278,48
2995,14107,11292,218
2996,14107,11298,100
2997,14107,11413,6
2998,14107,11423,12
2999,14107,11433,52
3000,14107,11540,54
3001,14107,11618,60
3002,14107,11695,77
3003,14107,11697,17
3004,14107,11884,28
3005,14107,11921,37
3006,14107,12173,45
3007,14107,12191,44
3008,14107,12264,2
3009,14107,12266,89
3010,14107,12339,31
3011,14107,12478,81
3012,14107,12758,13
3013,14107,12889,164
3014,14107,12892,234
3015,14107,12982,17
3016,14107,12992,6
3017,14107,13198,75
3018,14107,13204,44
3019,14107,13232,45
3020,14107,13303,11
3021,14107,13342,30
3022,14107,13476,22
3023,14107,13487,74
3024,14107,13495,5
3025,14107,13796,59
3026,14107,13830,21
3027,14107,13851,33
3028,14107,13871,29
3029,14107,13891,89
3030,14107,13930,112
3031,14107,14057,82
3032,14107,14100,72
3033,14107,14122,27
3034,14107,14262,55
3035,14107,14492,2
3036,14107,14570,59
3037,14107,14679,162
3038,14107,14683,23
3039,14107,14689,22
3040,14107,14698,12
3041,14107,14730,3
3042,14107,14747,195
3043,14107,14771,160
3044,14107,14831,91
3045,14107,14869,160
3046,14107,14893,105
3047,14107,14908,113
3048,14107,15016,55
3049,14107,15304,28
3050,14107,15370,19
3051,14107,15376,40
3052,14107,16218,51
3053,14108,10397,28
3054,14108,11298,15
3055,14108,11433,5
3056,14108,12266,8
3057,14108,13930,74
3058,14109,11298,8
3059,14109,13241,11
3060,14113,14869,11
3061,14122,10397,69
3062,14122,10693,1
3063,14122,10721,31
3064,14122,10821,22
3065,14122,11057,54
3066,14122,11259,3
3067,14122,11292,22
3068,14122,11298,15
3069,14122,11433,6
3070,14122,11618,10
3071,14122,11697,3
3072,14122,12191,7
3073,14122,12266,16
3074,14122,12478,9
3075,14122,12889,5
3076,14122,12892,7
3077,14122,12953,5
3078,14122,13204,17
3079,14122,13232,38
3080,14122,13487,3
3081,14122,13930,30
3082,14122,14100,33
3083,14122,14107,17
3084,14122,14635,7
3085,14122,14771,4
3086,14122,15304,12
3087,14150,11433,20
3088,14193,10397,32
3089,14193,10693,20
3090,14193,11298,8
3091,14193,12191,10
3092,14193,12266,39
3093,14222,12173,8
3094,14252,11292,26
3095,14252,13487,1
3096,14252,14771,8
3097,14252,14869,20
3098,14254,12478,8
3099,14254,13204,6
3100,14256,12523,10
3101,14256,15841,16
3102,14262,11292,21
3103,14262,11298,13
3104,14262,12266,6
3105,14262,12892,12
3106,14262,13930,5
3107,14262,14057,4
3108,14262,14107,54
3109,14262,14747,11
3110,14262,14771,64
3111,14262,14869,23
3112,14307,10397,10
3113,14307,10821,62
3114,14307,11057,48
3115,14307,11278,2
3116,14307,11433,6
3117,14307,11618,17
3118,14307,11697,21
3119,14307,13204,31
3120,14307,13232,10
3121,14307,13930,12
3122,14307,14100,31
3123,14307,15304,13
3124,14321,10397,16
3125,14321,10821,33
3126,14321,11057,21
3127,14321,11278,1
3128,14321,11433,13
3129,14321,11618,24
3130,14321,12478,42
3131,14321,13930,24
3132,14457,11292,6
3133,14457,11298,17
3134,14457,13487,18
3135,14457,13930,6
3136,14457,14869,10
3137,14487,14771,13
3138,14489,11292,16
3139,14489,14771,23
3140,14489,14869,5
3141,14492,10397,120
3142,14492,10529,7
3143,14492,10693,17
3144,14492,10721,52
3145,14492,10821,57
3146,14492,11042,14
3147,14492,11057,78
3148,14492,11259,3
3149,14492,11292,52
3150,14492,11298,37
3151,14492,11433,19
3152,14492,11618,29
3153,14492,11697,11
3154,14492,12191,4
3155,14492,12264,7
3156,14492,12266,13
3157,14492,12478,38
3158,14492,12889,2
3159,14492,12892,22
3160,14492,12953,41
3161,14492,13204,21
3162,14492,13232,11
3163,14492,13303,32
3164,14492,13487,11
3165,14492,13930,68
3166,14492,14100,22
3167,14492,14107,4
3168,14492,14747,5
3169,14492,14771,11
3170,14492,15016,20
3171,14492,15304,15
3172,14492,15356,5
3173,14520,12335,3
3174,14520,13487,22
3175,14524,10397,68
3176,14524,10721,75
3177,14524,11057,47
3178,14524,11298,13
3179,14524,11433,17
3180,14524,11618,52
3181,14524,11697,11
3182,14524,12266,23
3183,14524,12953,117
3184,14524,13204,10
3185,14524,13303,7
3186,14524,13487,16
3187,14524,13930,57
3188,14524,14100,1
3189,14543,11292,9
3190,14570,11292,51
3191,14570,11298,22
3192,14570,12478,6
3193,14570,12889,72
3194,14570,12892,57
3195,14570,13232,12
3196,14570,13930,10
3197,14570,14107,48
3198,14570,14679,14
3199,14570,14771,43
3200,14570,14869,17
3201,14574,10397,37
3202,14574,13930,32
3203,14576,10397,17
3204,14576,10821,19
3205,14576,11057,14
3206,14576,11433,17
3207,14576,11618,24
3208,14576,12478,33
3209,14576,12953,1
3210,14576,13204,9
3211,14576,13232,12
3212,14576,13487,15
3213,14576,13930,43
3214,14588,11298,20
3215,14633,10397,7
3216,14633,13487,18
3217,14633,13930,16
3218,14635,10158,13
3219,14635,10397,61
3220,14635,10529,12
3221,14635,10721,50
3222,14635,10821,23
3223,14635,11042,18
3224,14635,11057,34
3225,14635,11066,4
3226,14635,11193,6
3227,14635,11278,13
3228,14635,11292,7
3229,14635,11298,10
3230,14635,11433,21
3231,14635,11618,20
3232,14635,12197,16
3233,14635,12266,4
3234,14635,12339,5
3235,14635,12478,35
3236,14635,12953,13
3237,14635,13232,19
3238,14635,13487,2
3239,14635,13930,34
3240,14635,14100,18
3241,14635,14122,7
3242,14635,15016,7
3243,14635,15356,1
3244,14674,11298,20
3245,14679,10140,28
3246,14679,10397,32
3247,14679,10423,16
3248,14679,10693,11
3249,14679,10713,6
3250,14679,10721,22
3251,14679,10821,16
3252,14679,11057,21
3253,14679,11259,9
3254,14679,11292,106
3255,14679,11298,89
3256,14679,11433,11
3257,14679,11618,18
3258,14679,11638,11
3259,14679,12173,37
3260,14679,12191,24
3261,14679,12264,32
3262,14679,12266,35
3263,14679,12478,45
3264,14679,12889,105
3265,14679,12892,93
3266,14679,12982,5
3267,14679,13198,13
3268,14679,13204,11
3269,14679,13232,36
3270,14679,13303,11
3271,14679,13487,12
3272,14679,13495,10
3273,14679,13796,116
3274,14679,13830,7
3275,14679,13930,61
3276,14679,14057,34
3277,14679,14100,15
3278,14679,14107,161
3279,14679,14570,24
3280,14679,14683,18
3281,14679,14747,127
3282,14679,14771,211
3283,14679,14831,79
3284,14679,14869,44
3285,14679,14893,108
3286,14679,15016,1
3287,14679,15376,25
3288,14683,10397,44
3289,14683,10693,7
3290,14683,10821,8
3291,14683,11057,8
3292,14683,11259,95
3293,14683,11292,35
3294,14683,11298,68
3295,14683,11433,8
3296,14683,11540,17
3297,14683,11618,6
3298,14683,12191,30
3299,14683,12266,38
3300,14683,12478,6
3301,14683,12889,18
3302,14683,12892,31
3303,14683,13204,2
3304,14683,13232,6
3305,14683,13303,6
3306,14683,13487,1
3307,14683,13495,9
3308,14683,13930,19
3309,14683,14100,1
3310,14683,14107,20
3311,14683,14679,9
3312,14683,14747,5
3313,14683,14771,7
3314,14683,14869,3
3315,14683,15016,11
3316,14683,15304,9
3317,14685,10397,68
3318,14685,10721,6
3319,14685,11298,2
3320,14685,11433,16
3321,14685,11618,25
3322,14685,12266,19
3323,14685,12478,27
3324,14685,13930,39
3325,14689,11292,26
3326,14689,12892,56
3327,14689,14057,11
3328,14689,14107,13
3329,14689,14747,19
3330,14689,14771,78
3331,14696,10397,27
3332,14696,11433,40
3333,14696,11618,2
3334,14696,13487,22
3335,14696,13930,74
3336,14698,12892,54
3337,14698,14107,4
3338,14698,14771,33
3339,14709,10299,2
3340,14709,10754,21
3341,14711,13930,20
3342,14730,10397,50
3343,14730,10821,35
3344,14730,11292,16
3345,14730,11298,5
3346,14730,11618,23
3347,14730,12266,6
3348,14730,12889,3
3349,14730,13204,3
3350,14730,13232,34
3351,14730,13487,9
3352,14730,13930,22
3353,14730,14107,2
3354,14730,15304,5
3355,14747,10140,13
3356,14747,10299,182
3357,14747,10397,39
3358,14747,10423,18
3359,14747,10693,18
3360,14747,10713,44
3361,14747,10721,36
3362,14747,10800,34
3363,14747,10821,16
3364,14747,10849,7
3365,14747,11057,21
3366,14747,11109,23
3367,14747,11259,22
3368,14747,11278,6
3369,14747,11292,206
3370,14747,11298,95
3371,14747,11433,39
3372,14747,11618,34
3373,14747,11630,39
3374,14747,11638,20
3375,14747,11697,8
3376,14747,11884,110
3377,14747,12173,82
3378,14747,12264,23
3379,14747,12266,69
3380,14747,12478,90
3381,14747,12523,34
3382,14747,12758,26
3383,14747,12819,38
3384,14747,12889,205
3385,14747,12892,197
3386,14747,12954,32
3387,14747,12982,23
3388,14747,13198,15
3389,14747,13204,14
3390,14747,13232,24
3391,14747,13303,8
3392,14747,13342,19
3393,14747,13487,75
3394,14747,13495,6
3395,14747,13796,114
3396,14747,13830,57
3397,14747,13851,5
3398,14747,13871,10
3399,14747,13891,28
3400,14747,13930,96
3401,14747,14057,75
3402,14747,14100,17
3403,14747,14107,178
3404,14747,14262,12
3405,14747,14492,3
3406,14747,14679,86
3407,14747,14683,23
3408,14747,14689,10
3409,14747,14771,182
3410,14747,14831,115
3411,14747,14869,107
3412,14747,14893,131
3413,14747,14908,87
3414,14747,15016,18
3415,14747,15304,3
3416,14747,15376,16
3417,14771,10140,13
3418,14771,10157,52
3419,14771,10397,47
3420,14771,10423,54
3421,14771,10561,13
3422,14771,10713,63
3423,14771,10721,88
3424,14771,10800,46
3425,14771,10821,9
3426,14771,11042,7
3427,14771,11057,76
3428,14771,11193,14
3429,14771,11259,80
3430,14771,11278,19
3431,14771,11292,176
3432,14771,11298,181
3433,14771,11433,44
3434,14771,11603,74
3435,14771,11618,145
3436,14771,11638,17
3437,14771,11697,64
3438,14771,12173,79
3439,14771,12264,96
3440,14771,12266,120
3441,14771,12339,7
3442,14771,12478,243
3443,14771,12758,23
3444,14771,12889,289
3445,14771,12892,513
3446,14771,12954,28
3447,14771,12982,19
3448,14771,13198,21
3449,14771,13204,16
3450,14771,13232,22
3451,14771,13264,51
3452,14771,13303,42
3453,14771,13342,10
3454,14771,13476,23
3455,14771,13487,71
3456,14771,13495,11
3457,14771,13830,45
3458,14771,13851,20
3459,14771,13891,89
3460,14771,13930,251
3461,14771,13964,19
3462,14771,14057,91
3463,14771,14100,54
3464,14771,14107,147
3465,14771,14122,7
3466,14771,14252,19
3467,14771,14262,71
3468,14771,14487,26
3469,14771,14489,32
3470,14771,14492,17
3471,14771,14570,50
3472,14771,14679,165
3473,14771,14683,18
3474,14771,14689,60
3475,14771,14698,28
3476,14771,14747,254
3477,14771,14869,86
3478,14771,14893,58
3479,14771,14905,15
3480,14771,14908,130
3481,14771,15016,41
3482,14771,15376,21
3483,14771,15919,2
3484,14783,10397,58
3485,14783,11292,21
3486,14783,11298,36
3487,14783,13930,31
3488,14794,11292,36
3489,14794,14869,37
3490,14814,10397,56
3491,14814,11292,5
3492,14814,11298,50
3493,14814,12266,50
3494,14828,12523,23
3495,14828,12819,14
3496,14831,10397,1
3497,14831,10423,11
3498,14831,10721,11
3499,14831,10800,50
3500,14831,11259,4
3501,14831,11292,68
3502,14831,11298,51
3503,14831,12173,34
3504,14831,12266,16
3505,14831,12478,12
3506,14831,12758,5
3507,14831,12889,77
3508,14831,12892,160
3509,14831,12982,4
3510,14831,13232,10
3511,14831,13487,7
3512,14831,13830,29
3513,14831,13891,43
3514,14831,13930,16
3515,14831,14057,72
3516,14831,14107,89
3517,14831,14679,97
3518,14831,14747,145
3519,14831,14869,32
3520,14831,14908,80
3521,14842,11298,23
3522,14843,10397,36
3523,14843,10529,19
3524,14843,10721,33
3525,14843,10821,19
3526,14843,11057,11
3527,14843,11278,13
3528,14843,11298,11
3529,14843,11618,24
3530,14843,11697,83
3531,14843,12191,4
3532,14843,12264,1
3533,14843,12266,8
3534,14843,12478,107
3535,14843,13204,103
3536,14843,13303,53
3537,14843,13930,38
3538,14843,14100,20
3539,14843,15024,14
3540,14843,15027,14
3541,14843,15304,31
3542,14869,10140,32
3543,14869,10397,69
3544,14869,10423,23
3545,14869,10620,24
3546,14869,10693,8
3547,14869,10713,43
3548,14869,10721,13
3549,14869,10779,15
3550,14869,10800,12
3551,14869,10821,24
3552,14869,10849,14
3553,14869,10918,34
3554,14869,11057,12
3555,14869,11097,13
3556,14869,11109,9
3557,14869,11122,5
3558,14869,11193,9
3559,14869,11259,6
3560,14869,11278,13
3561,14869,11292,192
3562,14869,11298,61
3563,14869,11423,7
3564,14869,11433,27
3565,14869,11525,16
3566,14869,11603,9
3567,14869,11618,5
3568,14869,11638,16
3569,14869,11648,8
3570,14869,11865,9
3571,14869,11884,23
3572,14869,11921,15
3573,14869,12003,13
3574,14869,12156,17
3575,14869,12173,7
3576,14869,12266,63
3577,14869,12280,22
3578,14869,12441,16
3579,14869,12478,45
3580,14869,12889,104
3581,14869,12892,86
3582,14869,12954,42
3583,14869,13127,9
3584,14869,13198,10
3585,14869,13204,31
3586,14869,13232,11
3587,14869,13264,18
3588,14869,13485,2
3589,14869,13486,16
3590,14869,13487,35
3591,14869,13495,8
3592,14869,13796,71
3593,14869,13851,17
3594,14869,13871,9
3595,14869,13891,12
3596,14869,13930,58
3597,14869,14057,71
3598,14869,14100,11
3599,14869,14107,139
3600,14869,14113,12
3601,14869,14252,13
3602,14869,14262,9
3603,14869,14457,10
3604,14869,14489,4
3605,14869,14570,8
3606,14869,14679,35
3607,14869,14683,11
3608,14869,14747,119
3609,14869,14771,71
3610,14869,14794,71
3611,14869,14831,15
3612,14869,14893,21
3613,14869,14908,21
3614,14869,15016,11
3615,14869,15041,6
3616,14869,15370,14
3617,14869,15376,24
3618,14869,15389,36
3619,14893,10397,19
3620,14893,10800,35
3621,14893,11057,7
3622,14893,11292,86
3623,14893,11298,34
3624,14893,12173,22
3625,14893,12264,11
3626,14893,12266,16
3627,14893,12478,12
3628,14893,12889,67
3629,14893,12892,185
3630,14893,12954,26
3631,14893,13232,9
3632,14893,13487,13
3633,14893,13830,10
3634,14893,13891,46
3635,14893,13930,14
3636,14893,14057,58
3637,14893,14107,115
3638,14893,14679,87
3639,14893,14747,152
3640,14893,14771,104
3641,14893,14869,35
3642,14893,14908,48
3643,14905,14771,21
3644,14908,10397,16
3645,14908,10423,8
3646,14908,11259,13
3647,14908,11292,94
3648,14908,11298,81
3649,14908,11618,8
3650,14908,12191,15
3651,14908,12266,30
3652,14908,12889,77
3653,14908,13232,4
3654,14908,13487,18
3655,14908,13796,95
3656,14908,13930,60
3657,14908,14057,36
3658,14908,14107,107
3659,14908,14747,87
3660,14908,14771,164
3661,14908,14831,89
3662,14908,14869,24
3663,14908,14893,75
3664,14952,11298,9
3665,14952,13930,24
3666,14960,11298,12
3667,14986,10397,25
3668,14986,10721,8
3669,14986,12478,14
3670,14986,12953,14
3671,14986,13930,10
3672,15016,10397,57
3673,15016,10423,10
3674,15016,10693,7
3675,15016,10721,11
3676,15016,10821,24
3677,15016,11042,4
3678,15016,11057,39
3679,15016,11066,21
3680,15016,11259,61
3681,15016,11278,32
3682,15016,11292,50
3683,15016,11298,44
3684,15016,11433,39
3685,15016,11618,65
3686,15016,11697,14
3687,15016,11986,11
3688,15016,12191,32
3689,15016,12266,18
3690,15016,12889,18
3691,15016,12892,23
3692,15016,12953,15
3693,15016,13198,25
3694,15016,13204,32
3695,15016,13232,44
3696,15016,13303,8
3697,15016,13342,22
3698,15016,13487,49
3699,15016,13495,4
3700,15016,13851,8
3701,15016,13871,28
3702,15016,13930,74
3703,15016,14057,2
3704,15016,14100,25
3705,15016,14107,39
3706,15016,14492,16
3707,15016,14635,13
3708,15016,14679,1
3709,15016,14683,11
3710,15016,14747,13
3711,15016,14771,9
3712,15016,14869,6
3713,15016,15304,11
3714,15016,15370,5
3715,15024,10397,4
3716,15024,10721,3
3717,15024,11057,5
3718,15024,11697,3
3719,15024,12478,4
3720,15024,13303,24
3721,15024,14100,2
3722,15024,14843,13
3723,15027,13303,16
3724,15027,14843,9
3725,15041,14869,4
3726,15048,13930,9
3727,15070,11697,10
3728,15070,13204,12
3729,15096,10397,18
3730,15096,11057,14
3731,15096,11433,21
3732,15096,11618,29
3733,15096,12478,31
3734,15096,13204,6
3735,15096,13487,5
3736,15096,13930,36
3737,15249,10397,45
3738,15249,11298,16
3739,15249,13303,4
3740,15295,13930,19
3741,15304,10158,5
3742,15304,10257,8
3743,15304,10397,118
3744,15304,10423,4
3745,15304,10529,19
3746,15304,10599,10
3747,15304,10693,25
3748,15304,10721,48
3749,15304,10792,10
3750,15304,10821,46
3751,15304,10874,11
3752,15304,11042,13
3753,15304,11057,69
3754,15304,11066,11
3755,15304,11193,7
3756,15304,11259,8
3757,15304,11278,65
3758,15304,11292,21
3759,15304,11298,50
3760,15304,11433,46
3761,15304,11618,44
3762,15304,11697,54
3763,15304,12191,25
3764,15304,12197,16
3765,15304,12264,18
3766,15304,12266,36
3767,15304,12339,31
3768,15304,12391,6
3769,15304,12478,47
3770,15304,12889,4
3771,15304,12892,2
3772,15304,12953,38
3773,15304,13198,2
3774,15304,13232,13
3775,15304,13244,5
3776,15304,13296,8
3777,15304,13303,45
3778,15304,13342,2
3779,15304,13487,6
3780,15304,13495,18
3781,15304,13930,33
3782,15304,14100,54
3783,15304,14107,18
3784,15304,14122,19
3785,15304,14307,13
3786,15304,14492,8
3787,15304,14683,7
3788,15304,14730,3
3789,15304,14747,6
3790,15304,14843,22
3791,15304,15016,15
3792,15304,15356,7
3793,15323,10397,52
3794,15356,10397,12
3795,15356,11057,8
3796,15356,11433,10
3797,15356,11697,3
3798,15356,13204,8
3799,15356,13487,6
3800,15356,13930,8
3801,15356,14492,4
3802,15356,14635,1
3803,15356,15304,6
3804,15356,15497,3
3805,15370,10397,25
3806,15370,11259,20
3807,15370,11292,38
3808,15370,11298,54
3809,15370,11433,9
3810,15370,12191,24
3811,15370,12266,33
3812,15370,12889,7
3813,15370,13232,5
3814,15370,13303,1
3815,15370,13487,33
3816,15370,13930,43
3817,15370,14107,15
3818,15370,14869,9
3819,15370,15016,3
3820,15376,10397,8
3821,15376,11292,41
3822,15376,11298,34
3823,15376,12266,42
3824,15376,12889,26
3825,15376,12892,75
3826,15376,13232,2
3827,15376,13930,17
3828,15376,14057,1
3829,15376,14107,26
3830,15376,14679,13
3831,15376,14747,5
3832,15376,14771,17
3833,15376,14869,14
3834,15380,11433,13
3835,15380,13930,40
3836,15389,14869,28
3837,15401,11298,25
3838,15411,11298,25
3839,15411,12266,11
3840,15412,10397,53
3841,15412,11292,2
3842,15412,11298,49
3843,15412,11618,7
3844,15412,12266,35
3845,15412,13930,51
3846,15497,15356,4
3847,15607,10397,30
3848,15624,10397,47
3849,15624,11298,37
3850,15624,12266,23
3851,15841,12819,12
3852,15841,14256,12
3853,15919,10397,64
3854,15919,11193,11
3855,15919,11292,28
3856,15919,11298,45
3857,15919,11618,9
3858,15919,12266,19
3859,15919,12953,20
3860,15919,13487,29
3861,15919,13930,72
3862,15991,10926,9
3863,15991,12523,3
3864,16218,14107,68
